duplicate_group_id,image_id,split,source_object_count,converted_object_count,group_object_counts,boxes_identical_to_group,conversion_integrity_valid,blocking_issue,verified_explanation
06b2c41628e227aa15415aba6aac881e47eb6c06d74bb9b0b592664e2a81b4a5,levle0_131,train,2,2,levle0_131:2;levle0_24:3,true,true,false,Identical SHA-256 image files have different source XML annotation counts and coordinates; the converted YOLO boxes exactly preserve this image's own source XML annotations.
06b2c41628e227aa15415aba6aac881e47eb6c06d74bb9b0b592664e2a81b4a5,levle0_24,train,3,3,levle0_131:2;levle0_24:3,false,true,false,Identical SHA-256 image files have different source XML annotation counts and coordinates; the converted YOLO boxes exactly preserve this image's own source XML annotations.
0831ea7a4bc5e0477d5b41eec0553130c4811d8eebb93fc2eb0ce584a7c4a963,levle0_120,train,4,4,levle0_120:4;levle1_486:8,true,true,false,Identical SHA-256 image files have different source XML annotation counts and coordinates; the converted YOLO boxes exactly preserve this image's own source XML annotations.
0831ea7a4bc5e0477d5b41eec0553130c4811d8eebb93fc2eb0ce584a7c4a963,levle1_486,train,8,8,levle0_120:4;levle1_486:8,false,true,false,Identical SHA-256 image files have different source XML annotation counts and coordinates; the converted YOLO boxes exactly preserve this image's own source XML annotations.
188f8fbae3b30080927c37f44890906e211578ec177ea2a3b021a166b252b09a,levle1_23,test,9,9,levle1_23:9;levle2_153:24,true,true,false,Identical SHA-256 image files have different source XML annotation counts and coordinates; the converted YOLO boxes exactly preserve this image's own source XML annotations.
188f8fbae3b30080927c37f44890906e211578ec177ea2a3b021a166b252b09a,levle2_153,test,24,24,levle1_23:9;levle2_153:24,false,true,false,Identical SHA-256 image files have different source XML annotation counts and coordinates; the converted YOLO boxes exactly preserve this image's own source XML annotations.
2666ed0601e6579477889e5671972520bf5bd766ed6ac383d51c44107f46606a,levle1_572,train,11,11,levle1_572:11;levle1_574:7,true,true,false,Identical SHA-256 image files have different source XML annotation counts and coordinates; the converted YOLO boxes exactly preserve this image's own source XML annotations.
2666ed0601e6579477889e5671972520bf5bd766ed6ac383d51c44107f46606a,levle1_574,train,7,7,levle1_572:11;levle1_574:7,false,true,false,Identical SHA-256 image files have different source XML annotation counts and coordinates; the converted YOLO boxes exactly preserve this image's own source XML annotations.
2ccdae05d565fc9ef819d95265797441846727b73804094323902594a9ceadd2,levle0_42,train,2,2,levle0_42:2;levle0_94:1,true,true,false,Identical SHA-256 image files have different source XML annotation counts and coordinates; the converted YOLO boxes exactly preserve this image's own source XML annotations.
2ccdae05d565fc9ef819d95265797441846727b73804094323902594a9ceadd2,levle0_94,train,1,1,levle0_42:2;levle0_94:1,false,true,false,Identical SHA-256 image files have different source XML annotation counts and coordinates; the converted YOLO boxes exactly preserve this image's own source XML annotations.
3fcb0f1627c6ad98df131b8f9c7ae10e9ba5d0e9599cf525ec54ce072ebcbfe5,levle1_20,train,8,8,levle1_20:8;levle2_151:24,true,true,false,Identical SHA-256 image files have different source XML annotation counts and coordinates; the converted YOLO boxes exactly preserve this image's own source XML annotations.
3fcb0f1627c6ad98df131b8f9c7ae10e9ba5d0e9599cf525ec54ce072ebcbfe5,levle2_151,train,24,24,levle1_20:8;levle2_151:24,false,true,false,Identical SHA-256 image files have different source XML annotation counts and coordinates; the converted YOLO boxes exactly preserve this image's own source XML annotations.
46417b44b16e0aac18cf592947a2d6e2f6f4ea48bd5b1bf6c8b4893c0fab7533,levle2_70,train,30,30,levle2_70:30;levle2_96:22,true,true,false,Identical SHA-256 image files have different source XML annotation counts and coordinates; the converted YOLO boxes exactly preserve this image's own source XML annotations.
46417b44b16e0aac18cf592947a2d6e2f6f4ea48bd5b1bf6c8b4893c0fab7533,levle2_96,train,22,22,levle2_70:30;levle2_96:22,false,true,false,Identical SHA-256 image files have different source XML annotation counts and coordinates; the converted YOLO boxes exactly preserve this image's own source XML annotations.
56f232f4433dd59a75104e2370b6d2367444046a071b10cee66b1da17bf7862e,levle1_145,val,7,7,levle1_145:7;levle1_281:9,true,true,false,Identical SHA-256 image files have different source XML annotation counts and coordinates; the converted YOLO boxes exactly preserve this image's own source XML annotations.
56f232f4433dd59a75104e2370b6d2367444046a071b10cee66b1da17bf7862e,levle1_281,val,9,9,levle1_145:7;levle1_281:9,false,true,false,Identical SHA-256 image files have different source XML annotation counts and coordinates; the converted YOLO boxes exactly preserve this image's own source XML annotations.
5b605bc92fcd022a9193bbdf5c9e0ac18bce8da4e29df9a6731b1bb46dcd1eea,levle1_16,val,9,9,levle1_16:9;levle2_150:21,true,true,false,Identical SHA-256 image files have different source XML annotation counts and coordinates; the converted YOLO boxes exactly preserve this image's own source XML annotations.
5b605bc92fcd022a9193bbdf5c9e0ac18bce8da4e29df9a6731b1bb46dcd1eea,levle2_150,val,21,21,levle1_16:9;levle2_150:21,false,true,false,Identical SHA-256 image files have different source XML annotation counts and coordinates; the converted YOLO boxes exactly preserve this image's own source XML annotations.
611532acc5ec2bf348ef5c4188532e15c8de490178c8b33cdc8fc972d2fb64d3,levle1_136,train,7,7,levle1_136:7;levle1_54:9,true,true,false,Identical SHA-256 image files have different source XML annotation counts and coordinates; the converted YOLO boxes exactly preserve this image's own source XML annotations.
611532acc5ec2bf348ef5c4188532e15c8de490178c8b33cdc8fc972d2fb64d3,levle1_54,train,9,9,levle1_136:7;levle1_54:9,false,true,false,Identical SHA-256 image files have different source XML annotation counts and coordinates; the converted YOLO boxes exactly preserve this image's own source XML annotations.
6bbc2d30d4bb10853d24f732a29fe7cba57df0628ce087cc02a9b3ddce8dc485,levle1_573,train,16,16,levle1_573:16;levle1_575:15,true,true,false,Identical SHA-256 image files have different source XML annotation counts and coordinates; the converted YOLO boxes exactly preserve this image's own source XML annotations.
6bbc2d30d4bb10853d24f732a29fe7cba57df0628ce087cc02a9b3ddce8dc485,levle1_575,train,15,15,levle1_573:16;levle1_575:15,false,true,false,Identical SHA-256 image files have different source XML annotation counts and coordinates; the converted YOLO boxes exactly preserve this image's own source XML annotations.
6dab728e8bfca66d940a03e8f880b31598ca6b0fa8d16bca7b766a03953e0fa4,levle1_135,train,7,7,levle1_135:7;levle1_209:6,true,true,false,Identical SHA-256 image files have different source XML annotation counts and coordinates; the converted YOLO boxes exactly preserve this image's own source XML annotations.
6dab728e8bfca66d940a03e8f880b31598ca6b0fa8d16bca7b766a03953e0fa4,levle1_209,train,6,6,levle1_135:7;levle1_209:6,false,true,false,Identical SHA-256 image files have different source XML annotation counts and coordinates; the converted YOLO boxes exactly preserve this image's own source XML annotations.
828240b5dd6441a5b7e339b1c4257725175f9d1b6ec01d90a000bbfec1d16be5,levle0_121,train,5,5,levle0_121:5;levle1_504:7,true,true,false,Identical SHA-256 image files have different source XML annotation counts and coordinates; the converted YOLO boxes exactly preserve this image's own source XML annotations.
828240b5dd6441a5b7e339b1c4257725175f9d1b6ec01d90a000bbfec1d16be5,levle1_504,train,7,7,levle0_121:5;levle1_504:7,false,true,false,Identical SHA-256 image files have different source XML annotation counts and coordinates; the converted YOLO boxes exactly preserve this image's own source XML annotations.
85ea30ada51213b9e42f13611eb085c8a0be1b7e8d68861a2a73fa0cf7839ed6,levle1_166,train,7,7,levle1_166:7;levle1_292:10,true,true,false,Identical SHA-256 image files have different source XML annotation counts and coordinates; the converted YOLO boxes exactly preserve this image's own source XML annotations.
85ea30ada51213b9e42f13611eb085c8a0be1b7e8d68861a2a73fa0cf7839ed6,levle1_292,train,10,10,levle1_166:7;levle1_292:10,false,true,false,Identical SHA-256 image files have different source XML annotation counts and coordinates; the converted YOLO boxes exactly preserve this image's own source XML annotations.
8e219a67bbef8530223502453b2c1924b89b56e8ca09e6b84120a84354bb8615,levle0_172,train,4,4,levle0_172:4;levle1_283:11,true,true,false,Identical SHA-256 image files have different source XML annotation counts and coordinates; the converted YOLO boxes exactly preserve this image's own source XML annotations.
8e219a67bbef8530223502453b2c1924b89b56e8ca09e6b84120a84354bb8615,levle1_283,train,11,11,levle0_172:4;levle1_283:11,false,true,false,Identical SHA-256 image files have different source XML annotation counts and coordinates; the converted YOLO boxes exactly preserve this image's own source XML annotations.
9d1adbdaf1926dc91901a53e69f56be19045ea7f3f36f557244a7f0367f833d9,levle0_185,train,3,3,levle0_185:3;levle1_286:7,true,true,false,Identical SHA-256 image files have different source XML annotation counts and coordinates; the converted YOLO boxes exactly preserve this image's own source XML annotations.
9d1adbdaf1926dc91901a53e69f56be19045ea7f3f36f557244a7f0367f833d9,levle1_286,train,7,7,levle0_185:3;levle1_286:7,false,true,false,Identical SHA-256 image files have different source XML annotation counts and coordinates; the converted YOLO boxes exactly preserve this image's own source XML annotations.
a83e345a1b8432e7a4b192ecd8df57d898430f57f7b03aad8c115d719a362bef,levle1_164,train,7,7,levle1_164:7;levle1_291:9,true,true,false,Identical SHA-256 image files have different source XML annotation counts and coordinates; the converted YOLO boxes exactly preserve this image's own source XML annotations.
a83e345a1b8432e7a4b192ecd8df57d898430f57f7b03aad8c115d719a362bef,levle1_291,train,9,9,levle1_164:7;levle1_291:9,false,true,false,Identical SHA-256 image files have different source XML annotation counts and coordinates; the converted YOLO boxes exactly preserve this image's own source XML annotations.
acf8394dd155c64512e3cf445577307615150567a0b42bfa0ec26c5e770963a6,levle3_109,test,52,52,levle3_109:52;levle3_140:54,true,true,false,Identical SHA-256 image files have different source XML annotation counts and coordinates; the converted YOLO boxes exactly preserve this image's own source XML annotations.
acf8394dd155c64512e3cf445577307615150567a0b42bfa0ec26c5e770963a6,levle3_140,test,54,54,levle3_109:52;levle3_140:54,false,true,false,Identical SHA-256 image files have different source XML annotation counts and coordinates; the converted YOLO boxes exactly preserve this image's own source XML annotations.
af66359e36acb57b34e05a2afdcecc11f2e79d77d86da66bae0197b7875c5971,levle1_610,val,9,9,levle1_610:9;levle1_611:11,true,true,false,Identical SHA-256 image files have different source XML annotation counts and coordinates; the converted YOLO boxes exactly preserve this image's own source XML annotations.
af66359e36acb57b34e05a2afdcecc11f2e79d77d86da66bae0197b7875c5971,levle1_611,val,11,11,levle1_610:9;levle1_611:11,false,true,false,Identical SHA-256 image files have different source XML annotation counts and coordinates; the converted YOLO boxes exactly preserve this image's own source XML annotations.
b257a192234a349684044c442598529d18dcd6830961450fd72620606f967045,levle0_117,val,2,2,levle0_117:2;levle0_207:1,true,true,false,Identical SHA-256 image files have different source XML annotation counts and coordinates; the converted YOLO boxes exactly preserve this image's own source XML annotations.
b257a192234a349684044c442598529d18dcd6830961450fd72620606f967045,levle0_207,val,1,1,levle0_117:2;levle0_207:1,false,true,false,Identical SHA-256 image files have different source XML annotation counts and coordinates; the converted YOLO boxes exactly preserve this image's own source XML annotations.
b25d783297ecffaacce4206049d1c91c1be56df59a47008f6cb95fb46dbb497b,levle1_138,val,8,8,levle1_138:8;levle1_460:9,true,true,false,Identical SHA-256 image files have different source XML annotation counts and coordinates; the converted YOLO boxes exactly preserve this image's own source XML annotations.
b25d783297ecffaacce4206049d1c91c1be56df59a47008f6cb95fb46dbb497b,levle1_460,val,9,9,levle1_138:8;levle1_460:9,false,true,false,Identical SHA-256 image files have different source XML annotation counts and coordinates; the converted YOLO boxes exactly preserve this image's own source XML annotations.
b538b91a3834cc61f2bae23436e14c79dc7695f268b9faed486bcafca0ba87fe,levle1_131,train,11,11,levle1_131:11;levle2_128:14,true,true,false,Identical SHA-256 image files have different source XML annotation counts and coordinates; the converted YOLO boxes exactly preserve this image's own source XML annotations.
b538b91a3834cc61f2bae23436e14c79dc7695f268b9faed486bcafca0ba87fe,levle2_128,train,14,14,levle1_131:11;levle2_128:14,false,true,false,Identical SHA-256 image files have different source XML annotation counts and coordinates; the converted YOLO boxes exactly preserve this image's own source XML annotations.
bee48890973035c00481b8ccb33e15b76b0d0d9ba2599e86c0b4f1af3fbeaf65,levle1_133,train,9,9,levle1_133:9;levle1_503:8,true,true,false,Identical SHA-256 image files have different source XML annotation counts and coordinates; the converted YOLO boxes exactly preserve this image's own source XML annotations.
bee48890973035c00481b8ccb33e15b76b0d0d9ba2599e86c0b4f1af3fbeaf65,levle1_503,train,8,8,levle1_133:9;levle1_503:8,false,true,false,Identical SHA-256 image files have different source XML annotation counts and coordinates; the converted YOLO boxes exactly preserve this image's own source XML annotations.
c0a65e9715c24491a9cf3bbadbf88e06ebe4e5040ebaffdf9d70f997995c7933,levle1_161,train,8,8,levle1_161:8;levle1_288:11,true,true,false,Identical SHA-256 image files have different source XML annotation counts and coordinates; the converted YOLO boxes exactly preserve this image's own source XML annotations.
c0a65e9715c24491a9cf3bbadbf88e06ebe4e5040ebaffdf9d70f997995c7933,levle1_288,train,11,11,levle1_161:8;levle1_288:11,false,true,false,Identical SHA-256 image files have different source XML annotation counts and coordinates; the converted YOLO boxes exactly preserve this image's own source XML annotations.
e5927997a3ff6d90155559c5ef3d7bca1eeb6c7b10fef464dbf1a3b8694893c6,levle1_140,val,9,9,levle1_140:9;levle1_358:6,true,true,false,Identical SHA-256 image files have different source XML annotation counts and coordinates; the converted YOLO boxes exactly preserve this image's own source XML annotations.
e5927997a3ff6d90155559c5ef3d7bca1eeb6c7b10fef464dbf1a3b8694893c6,levle1_358,val,6,6,levle1_140:9;levle1_358:6,false,true,false,Identical SHA-256 image files have different source XML annotation counts and coordinates; the converted YOLO boxes exactly preserve this image's own source XML annotations.
e6f1ca9fee7ba325b431b4d8b9479f5ffe08614b6e9ddefa7e11d3f0401aa1f7,levle1_22,train,7,7,levle1_22:7;levle2_152:22,true,true,false,Identical SHA-256 image files have different source XML annotation counts and coordinates; the converted YOLO boxes exactly preserve this image's own source XML annotations.
e6f1ca9fee7ba325b431b4d8b9479f5ffe08614b6e9ddefa7e11d3f0401aa1f7,levle2_152,train,22,22,levle1_22:7;levle2_152:22,false,true,false,Identical SHA-256 image files have different source XML annotation counts and coordinates; the converted YOLO boxes exactly preserve this image's own source XML annotations.
fb7acfc404266134438b0e34714416700ae62d723b62e887df9c5ab899f42042,levle2_72,train,25,25,levle2_72:25;levle2_97:24,true,true,false,Identical SHA-256 image files have different source XML annotation counts and coordinates; the converted YOLO boxes exactly preserve this image's own source XML annotations.
fb7acfc404266134438b0e34714416700ae62d723b62e887df9c5ab899f42042,levle2_97,train,24,24,levle2_72:25;levle2_97:24,false,true,false,Identical SHA-256 image files have different source XML annotation counts and coordinates; the converted YOLO boxes exactly preserve this image's own source XML annotations.
